[
  {
    "url": "https://www.iico.org/ar/about/us.html",
    "title": "من نحن عن الهيئة الخيرية",
    "content": "المحفظة الإلكترونية\n(\n0\nKD\n)\nالتسجيل\nتسجيل الدخول\npopup\nرقم الهاتف\n— أو? —\nالبريد الإلكتروني\nادخل كلمة المرور\nهل نسيت كلمة المرور؟\nســجــل الآن\nتسجيل الدخول\nتذكرني\nالقائمة الرئيسية\nعن الهيئة\nعن الهيئة\nمجلس الإدارة\nاللجان المنبثقة عن مجلس الإدارة\nسياسات الحوكمة\nالنظام الأساسي\nسياسات الحوكمة\nعبد الله المعتوق سيرة ومسيرة\nأخبارنا\nالمركز العالمي لدراسات العمل الخيري\nنظام المنح\nبوابة المنح\nإجراءات المنح\nفروعنا في الكويت\n9/9\nالعربية\nالعربية\nEnglish\nKD\nKD\nSAR\nAED\nQAR\nBHD\n$\n€\nالمحفظة الإلكترونية\n(\n0\nKD\n)\nالتسجيل\nتسجيل الدخول\npopup\nرقم الهاتف\n— أو? —\nالبريد الإلكتروني\nادخل كلمة المرور\nهل نسيت كلمة المرور؟\nســجــل الآن\nتسجيل الدخول\nتذكرني\nالعربية\nالعربية\nEnglish\nKD\nKD\nSAR\nAED\nQAR\nBHD\n$\n€\n✖\nعن الهيئة\nعن الهيئة\nمجلس الإدارة\nاللجان المنبثقة عن مجلس الإدارة\nسياسات الحوكمة\nالنظام الأساسي\nسياسات الحوكمة\nعبد الله المعتوق سيرة ومسيرة\nأخبارنا\nالمركز العالمي لدراسات العمل الخيري\nنظام المنح\nبوابة المنح\nإجراءات المنح\nفروعنا في الكويت\nالرئيسية\n/\nعن الهيئة\n/\nعن الهيئة\nعن الهيئة\nتعد الهيئة الخيرية الإسلامية العالمية واحدة من كبريات المؤسسات العاملة في الحقل الإنساني على مستوى العالم الإسلامي، وهى هيئة خيرية مستقلة، متعددة الأنشطة تقدم خدماتها الإنسانية لمحتاجين في العالم بدون تمييز أو تعصب بعيداً عن التدخل في السياسة أو الصراعات العرقية.\nيعود تأسيس الهيئة إلى عام 1984م، عندما نادي عدد من علماء المسلمين بضرورة جمع مليار دولار لاستثمارها والإنفاق من عائدها لمقاومة ثالوث الخطر(الفقر، والجهل والمرض) ومواجهة الحاجات المتزايدة للمجتمعات الفقيرة ، بعد ارتفاع معدلات المرض والفقر والأمية والبطالة في غالبية الدول الإسلامية.\nوتقديراً لحاجة الأمة، وانطلاقاً من التوجهات الإنسانية لدولة الكويت، أقر مجلس الأمة الكويتي قانونًا بتأسيسها رسميًا ، وحمل رقم (64/ 1986م)، ونص على أن تكون الهيئة ذات شخصية اعتبارية، تتخذ من الكويت مقرًا لها ، ولها أن تنشئ فروعًا خارج الكويت، وتباشر نشاطها وفقًا لأحكام نظامها الأساسي.\nثم توجت هذه الجهود بصدور مرسوم أميري بنظامها الأساسي في عهد الأمير الراحل الشيخ جابر الأحمد الجابر الصباح - رحمه الله- بتاريخ 4 جمادى الآخرة 1407هـ الموافق 3 فبراير 1987م.\nترأس الهيئة الخيرية الإسلامية العالمية العم يوسف جاسم الحجي والذي ظل رئيساً لمجلس الإدارة لمدة خمسة وعشرين عاماً منذ تأسيسها ليتمكن خلال هذه الفترة بالتعاون مع مجلس الإدارة والجمعية العمومية والعاملين معه بتوسيع نشاط ومجالات عمل الهيئة لتحقيق أهدافها وغاياتها النبيلة والطموحة.\nوفي 26 جمادى الأولى 1431هـ/العاشر من مايو 2010م تم اختيار\nد. عبدالله معتوق المعتوق رئيساً للهيئة (\nاضغط هنا ...\n)، وقد شغل هذا المنصب وفي ملفه خبرات أكاديمية في مجال الدراسات الإسلامية، وتولى مسؤولية وزارة الأوقاف والشؤون الإسلامية لعدة دورات متتالية.\nومنذ تولي د.المعتوق رئاسة الهيئة الخيرية في 2010م وحتى الآن اتسع نشاط الهيئة بلجانها ومكاتبها الخارجية المختلفة.\nالرؤيــة\n:\nإحداث الأثر الأكبر في تمكين الإنسان بالمجتمعات التي نعمل بها.\nالرسالـة\n:\nمنظمة خيرية إسلامية عالمية تعمل على تمكين الإنسان تعليمياً وثقافياً واقتصادياً، ليكون قادراً على إحداث التأثير الإيجابي في مجتمعه، عبر برامج نوعية عالية الجودة، وشراكات فاعلة. .\nالقيم الجوهرية\n:\n( الوسطيـــة - الاحتســــاب - الإتقــــــان - التواصل الفاعل - الحوكمة - الإبداع).\nالاهداف الاستراتيجية\n:\nالتعريف بالثقافة الإسلامية الوسطية.\nالتمكين الاقتصادي لأصحاب الحاجة.\nتوفير فرص تعليمية وتأهيلية تحقق مخرجات نوعية.\nبناء القدرات الداخلية للمؤسسات الميدانية الشريكة.\nالنطاق الجغرافي\n:\nنعمل حول العالم وفق استراتيجيتنا.\nبرامج العمل\n:\n- تعليمية.\n- ثقافية.\n- تنموية.\n- شـراكات استراتيجية.\n- إغاثية.\n- اجتماعية.\nتسجيل النشرة الإخبارية\nسجل في نشرتنا الإخبارية للحصول على آخر الأخبار الخيرية\nالبريد الإلكتروني\nموافق\nأوافق على سياسة الخصوصية\nدائما في خدمة الخير\nاتصل الان\n+965 1 808300\nأو اتصل بنا على\ndonation@iico.org\nأقسام أخرى\nالزكاة والصدقات\nمشاريع فرق التطوع\nالإغاثة\nروابط سريعة\nسياسة التبرع\nعن الهيئة\nاتصل بنا\nجهات الاتصال\nالكويت، محافظة حولي - منطقة الشهداء\nP:\n+9651808300\nE:\ninfo@iico.org\nنحن مؤسسة خيرية عالمية تسعى للمساهمة في تمكين المجتمعات المستهدفة من خلال المشاريع وبرامج التنمية والشراكات الاستراتيجية والكفاءات البشرية المتخصصة.\ntex\nCopyright © 2018\nIICO\n- جميع الحقوق محفوظة"
  },
  {
    "url": "https://www.iico.org/ar/boardofdirectors.html",
    "title": "مجلس إدارة الهيئة الخيرية الإسلامية العالمية",
    "content": "المحفظة الإلكترونية\n(\n0\nKD\n)\nالتسجيل\nتسجيل الدخول\npopup\nرقم الهاتف\n— أو? —\nالبريد الإلكتروني\nادخل كلمة المرور\nهل نسيت كلمة المرور؟\nســجــل الآن\nتسجيل الدخول\nتذكرني\nالقائمة الرئيسية\nعن الهيئة\nعن الهيئة\nمجلس الإدارة\nاللجان المنبثقة عن مجلس الإدارة\nسياسات الحوكمة\nالنظام الأساسي\nسياسات الحوكمة\nعبد الله المعتوق سيرة ومسيرة\nأخبارنا\nالمركز العالمي لدراسات العمل الخيري\nنظام المنح\nبوابة المنح\nإجراءات المنح\nفروعنا في الكويت\n9/9\nالعربية\nالعربية\nEnglish\nKD\nKD\nSAR\nAED\nQAR\nBHD\n$\n€\nالمحفظة الإلكترونية\n(\n0\nKD\n)\nالتسجيل\nتسجيل الدخول\npopup\nرقم الهاتف\n— أو? —\nالبريد الإلكتروني\nادخل كلمة المرور\nهل نسيت كلمة المرور؟\nســجــل الآن\nتسجيل الدخول\nتذكرني\nالعربية\nالعربية\nEnglish\nKD\nKD\nSAR\nAED\nQAR\nBHD\n$\n€\n✖\nعن الهيئة\nعن الهيئة\nمجلس الإدارة\nاللجان المنبثقة عن مجلس الإدارة\nسياسات الحوكمة\nالنظام الأساسي\nسياسات الحوكمة\nعبد الله المعتوق سيرة ومسيرة\nأخبارنا\nالمركز العالمي لدراسات العمل الخيري\nنظام المنح\nبوابة المنح\nإجراءات المنح\nفروعنا في الكويت\nالرئيسية\n/\nمجلس الإدارة\nمجلس الإدارة\nانتخبت  الجمعية العامة للهيئة الخيرية في اجتماعها ال 18 - والذي يعقد كل عامين - مجلس إدارة  يقوم على إدارة الهيئة  خلال الفترة القادمة  وقد تم اختيار الأعضاء التالي أسماؤهم:\nاختصاصات مجلس الإدارة وأدواره وبحسب بيان التأسيس والنظام الأساسي\nمادة (7)\nيـديـر شـؤون الهيئة مجلس إدارة مكـون مـن واحـد وعـشـريـن عـضـوًا، يـكـون ثلثهم على الأقـل مـن دول مجلس التعاون لدول الخليج العربية، تنتخبهم الجمعية العامة بالاقتراع السري مـن بين المرشحين الذين توافـق عـلـيـهـم دولة المقر، وذلك لمدة أربع سنوات، وتجـوز إعادة انتخاب مـن انتهت عضويتهـم.\nمادة (8)\nيختص مجلس الإدارة بتنفيذ السياسة العامة للهيئة وإدارة شؤونها، وفق النظام الأساسي وقرارات الجمعية العامـة، ولـه عـلـى الأخـص مـا يلي:\nأ - اتخاذ ما يراه ضروريًا من القرارات والإجراءات لتحقيق أهداف الهيئة. ب - تكوين اللجان الدائمة والمؤقتة اللازمة لإنجاز أعماله.\nج - اقتراح مشروع اللائحة الخاصة بنظام الموظفين والعاملين بالهيئة.\nد - اقتراح مشروعات اللوائح المالية والإدارية بالهيئة.\nهـ - إعداد التقرير السنوي عن نشاط الهيئة والمؤسسات التابعة لها.\nو - إعداد الميزانية السنوية والحساب الختامي للهيئة.\nز - تفويض رئيسه أو أي من أعضائه أو لجانه بما يرى من الاختصاصات للبتّ في الأمور العاجلة.\nح - ترشيح الأعضاء العاملين واختيار أعضاء الشرف والأعضاء العامين، وتحديد مقدار الاشتراك السنوي الذي يلتزم به الأعضاء العاملون والعامون.\nط - اقتراح تعديل النظام الأساسي وعرضه على الجمعية العامة.\nمادة (9)\nيجتمع مجلس الإدارة كل ستة أشهر على الأقل، وتكون اجتماعاته صحيحة\nبحضور الأغلبية المطلقة لأعضائه، على أن يكون من بينهم الرئيس أو نائبه، وتصدر قراراته بأغلبية أصوات الحاضرين، وعند تساوي الأصـوات يرجح الجانب الذي فيه الرئيس.\nويجوز لرئيس المجلس دعوة المجلس للاجتماع كلما رأى ضرورة لذلك، كما يجب عليه دعوة المجلس للانعقاد إذا طلب ذلك أغلبية أعضاء المجلس أو الوزارة المختصة، بشرط أن يبين في الطلب الهـدف مـن الاجتماع.\nمادة (10)\nيـخـتـار مـجـلـس الإدارة من بين أعضائه رئيسًا ونائبًا للرئيس أو أكثر وأمينًا للسر وأمينًا للمال، على أن يكون الرئيس من مواطني دولة المقر.\nمادة (11)\nيمثل رئيس مجلس الإدارة الهيئة في صلاتها بالجهات الإدارية وأمام القضاء، ويرأس اجتماعات الجمعية العامة، ويوقع على قراراتها، ويوجّه الدعوة لاجتماعاتها العادية وغير العادية، ويتابع تنفيذ قراراتها، وفي حالة غياب الرئيس يحل محله نائب الرئيس في جميع اختصاصاته.\nويتولى أمين المال الإشراف على إعداد الميزانية والحساب الختامي وعرضهما على مجلس الإدارة، ويشرف على الميزانية بعد اعتمادها.\nويتولى أمين السر تدوين محاضر اجتماعات الجمعية العامة ومجلس الإدارة، ويحتفظ بسجلاتها ويوقع على القرارات ومحاضر الجلسات إلى جانب الرئيس.\nولا يتقاضى أعضاء مجلس الإدارة أجورًا أو مكافآت مقابل أعمالهم في المجلس.\nمادة (12)\nعضو مجلس الإدارة الذي يتخلـف عـن حـضـور اجتماعات المجلس ثلاث جلسات متتالية دون عذر مقبول يعتبر مستقيلًا من المجلس.\nمادة (13)\nمع عدم الإخلال بما نصت عليه المادة السابعة من هذا النظام، إذا خلا مركز عضو أو أكثر من أعضاء مجلس الإدارة لأي سبب من الأسباب، يشغل المراكز الشاغرة الأعضاء الاحتياطيون في حدود عـدد لا يزيد على ثلاثة لإكمال مدة المجلـس، فـإذا لـم يـوجـد أعضاء احتياطيون أو زادت المراكز الشاغرة على سبعة يقوم المجلس بدعوة الجمعية العامة لانتخاب من يشغل المراكز الشاغرة.\nمادة (14)\nيعيّن مجلس الإدارة مديرًا عامًا للهيئة يتولى شؤونها المالية والإدارية، ويشرف على جهازها التنفيذي، ويكون مسؤولًا أمام المجلس عن المهام الموكلة إليه، ويحضر جلساته دون أن يكون له صوت في المداولات.\nولمجلس الإدارة إعفاؤه من منصبه إذا ثبت تقصيره، أو عجزه، أو ارتكابه ما يتنافى مع مقتضيات منصبه.\nتسجيل النشرة الإخبارية\nسجل في نشرتنا الإخبارية للحصول على آخر الأخبار الخيرية\nالبريد الإلكتروني\nموافق\nأوافق على سياسة الخصوصية\nدائما في خدمة الخير\nاتصل الان\n+965 1 808300\nأو اتصل بنا على\ndonation@iico.org\nأقسام أخرى\nالزكاة والصدقات\nمشاريع فرق التطوع\nالإغاثة\nروابط سريعة\nسياسة التبرع\nعن الهيئة\nاتصل بنا\nجهات الاتصال\nالكويت، محافظة حولي - منطقة الشهداء\nP:\n+9651808300\nE:\ninfo@iico.org\nنحن مؤسسة خيرية عالمية تسعى للمساهمة في تمكين المجتمعات المستهدفة من خلال المشاريع وبرامج التنمية والشراكات الاستراتيجية والكفاءات البشرية المتخصصة.\ntex\nCopyright © 2018\nIICO\n- جميع الحقوق محفوظة"
  },
  {
    "url": "https://www.iico.org/ar/boardofdirectors/page90.html",
    "title": "مجلس الإدارة :: اللجان المنبثقة عن مجلس الإدارة",
    "content": "المحفظة الإلكترونية\n(\n0\nKD\n)\nالتسجيل\nتسجيل الدخول\npopup\nرقم الهاتف\n— أو? —\nالبريد الإلكتروني\nادخل كلمة المرور\nهل نسيت كلمة المرور؟\nســجــل الآن\nتسجيل الدخول\nتذكرني\nالقائمة الرئيسية\nعن الهيئة\nعن الهيئة\nمجلس الإدارة\nاللجان المنبثقة عن مجلس الإدارة\nسياسات الحوكمة\nالنظام الأساسي\nسياسات الحوكمة\nعبد الله المعتوق سيرة ومسيرة\nأخبارنا\nالمركز العالمي لدراسات العمل الخيري\nنظام المنح\nبوابة المنح\nإجراءات المنح\nفروعنا في الكويت\n9/9\nالعربية\nالعربية\nEnglish\nKD\nKD\nSAR\nAED\nQAR\nBHD\n$\n€\nالمحفظة الإلكترونية\n(\n0\nKD\n)\nالتسجيل\nتسجيل الدخول\npopup\nرقم الهاتف\n— أو? —\nالبريد الإلكتروني\nادخل كلمة المرور\nهل نسيت كلمة المرور؟\nســجــل الآن\nتسجيل الدخول\nتذكرني\nالعربية\nالعربية\nEnglish\nKD\nKD\nSAR\nAED\nQAR\nBHD\n$\n€\n✖\nعن الهيئة\nعن الهيئة\nمجلس الإدارة\nاللجان المنبثقة عن مجلس الإدارة\nسياسات الحوكمة\nالنظام الأساسي\nسياسات الحوكمة\nعبد الله المعتوق سيرة ومسيرة\nأخبارنا\nالمركز العالمي لدراسات العمل الخيري\nنظام المنح\nبوابة المنح\nإجراءات المنح\nفروعنا في الكويت\nالرئيسية\n/\nمجلس الإدارة\n/\nاللجان المنبثقة عن مجلس الإدارة\nاللجان المنبثقة عن مجلس الإدارة\nلجنة التعليم والثقافة\nتختص اللجنة بما يلي\n:\nتحديد مجالات نشاط التعريف بالثقافة الإسلامية وأهدافه وضوابطه واولوياته وسياساته العامة.\nالإشراف العام على نشاط التعريف بالثقافة الإسلامية في الهيئة وتقويمه ، وتقديم الملاحظات والتوصيات بخصوصه.\nتعزيز دور أعضاء مجلس الإدارة والجمعية العامة في دعم برامج الهيئة للتعريف بالثقافة الإسلامية.\nأعضاء اللجنة\nد.أحمد الحاج محمد توتونجي\nرئيساً\nد.عصام أحمد البشير\nنائب الرئيس\nالشيخ / عبد الرحمن بن عبد الله بن عقيل\nعضواً\nد.مطلق راشد القراوي\nعضواً\nالشيخ / عبدالرحمن بن عبد الله آل محمود\nعضواً\nد.صالح بن سليمان الوهيبي\nعضواً\nد.عبدالله بن عبد العزيز مصلح آل شاكر\nعضواً\nد.محمد هدايت  نور وحيد\nعضواً\nد. إبراهيم محمد جدوات\nعضواً\nد. محمد منظور عالم\nعضواً\nأ. حسام الدين أبازي\nعضواً\nأ. عمران محمد فريد شونارا\nعضواً\nلجنة الاستثمار\n:\nللجنة عدة اختصاصات منها\n:\nإقتراح النظم واللوائح والضوابط الاستثمارية اللازمة لإستثمار أموال الهيئة ورفعها لمجلس الإدارة للاعتماد.\nدراسة الفرص الإستثمارية الجديدة ورفع التوصيات المناسبة بشأنها وتطوير أساليب الإستثمار .\nمراجعة تقارير الجهة المختصة في الهيئة عن المحفظة الإستثمارية واتخاذ ما يلزم حيالها.\nأعضاء اللجنة\nالشيخ / سالم احمد الغزالي\nرئيساً\nالشيخ / عبد الرحمن بن عبد الله بن عقيل\nعضواً\nالشيخ / عبد الرحمن بن عبد الله آل محمود\nعضواً\nد.عبد العزيز بن عبد الله السبيعي\nعضواً\nأ. آدم محمد إسماعيل دفع الله\nمقرراً\nلجنة التدقيق والمخاطر\nللجنة عدة اختصاصات منها\n:\nالتقييم الدوري لكفاءة نظام الرقابة الداخلي ومدى فاعليته وتقديم التوصيات لمجلس الإدارة.\nمراجعة السياسات المالية المعمول بها بالهيئة في ضوء المبادئ المحاسبية.\nمناقشة القوائم المالية السنوية والدورية مع الإدارة ومدقق الحسابات الخارجي ومراجعة القوائم المالية المدققة\nتقييم خطة ونطاق عمل المدقق الخارجي.\nالإشراف على مكتب التدقيق الداخلي.\nأعضاء اللجنة\nأ. طارق سليمان الرومي\nرئيساً\nأ. عبد القادر ضاحي العجيل\nعضواً\nأ. عبد الوهاب عبد الله الحوطي\nعضواً\nأ. جمال عبد الخالق النوري\nعضواً\nأ. آدم محمد إسماعيل  دفع الله\nمقرراً\nلجنة العضوية\nللجنة عدة اختصاصات منها\n:\nالمراجعة الشاملة لعضوية الجمعية العامة للهيئة.\nمراجعة لائحة العضوية.\nالقيام بالإجراءات اللازمة نحو اختيار المرشحين الجدد.\nأعضاء اللجنة\nالشيخ / عبد الرحمن بن عبد الله بن عقيل\nعضواً\nد.عصام أحمد البشير\nعضواً\nد. صالح بن سليمان الوهيبي\nعضواً\nأ. آدم محمد إسماعيل دفع الله\nمقرراً\nهيئة الفتوى والرقابة الشرعية\nللهيئة  عدة اختصاصات منها\n:\nالرقابة الشرعية على نشاطات الهيئة وتعاملاتها وتطبيقاتها العملية للوائح والنظم المعتمدة.\nإبداء الرأي الشرعي في لوائح الهيئة ونظمها الحالية وإعتمادها، والنظر فيما ستطرحه الهيئة منها ،وإصدار الفتاوى فيما يعرض عليها.\nإبداء الرأي الشرعي في الإستثمارات المالية للهيئة وميزانيتها والتأكد من موافقتها لأحكام الشريعة الإسلامية .\nأعضاء الهيئة\nأ.د.عجيل جاسم النشمي\nرئيساً\nأ.د عبد العزيز خليفة القصار\nعضواً\nد. مبارك جزا الحربي\nعضواً\nالشيخ / عادل  يوسف حجي\nعضواً\nالشيخ / علي سعود كليب الهدية\nعضواً ومقرراً\nتسجيل النشرة الإخبارية\nسجل في نشرتنا الإخبارية للحصول على آخر الأخبار الخيرية\nالبريد الإلكتروني\nموافق\nأوافق على سياسة الخصوصية\nدائما في خدمة الخير\nاتصل الان\n+965 1 808300\nأو اتصل بنا على\ndonation@iico.org\nأقسام أخرى\nالزكاة والصدقات\nمشاريع فرق التطوع\nالإغاثة\nروابط سريعة\nسياسة التبرع\nعن الهيئة\nاتصل بنا\nجهات الاتصال\nالكويت، محافظة حولي - منطقة الشهداء\nP:\n+9651808300\nE:\ninfo@iico.org\nنحن مؤسسة خيرية عالمية تسعى للمساهمة في تمكين المجتمعات المستهدفة من خلال المشاريع وبرامج التنمية والشراكات الاستراتيجية والكفاءات البشرية المتخصصة.\ntex\nCopyright © 2018\nIICO\n- جميع الحقوق محفوظة"
  }
]